Edwards,Jonathan   423   JBEDWAR@CLEMSON  
Haungs,Michael   820   MHAUNGS@CS  
Hinson,Brian   820  KENNETH@CS   
Kennedy,John   423   JBKENNE@CES  
Zhang,Jian            999   JIANZ@CLEMSON    
Harden,Carrie   820   CHARDEN@CS  
Moore,Cory   820   CORYM@CS    
Khanijo,Akhil   820   AKHANIJ@CS  
Jiang,Min             505    MJIANG@CS   
Nie,Haiyue            122   HNIE@CS     
Putman,Tyler   820   RPUTMAN@HUBCAP  
Tang,Chang            865    CTANG@CS    
Vultaggio,Chris  538     CVULTAG@CLEMSON  
White,Martin   423  WHITE@CS     
Jones,Anthony   818   AAJONES@CS  
Xu,Yuqing             000  YUQINGX@CES  
Guo,Liping            820   LGUO@CS     
Redd,Brian   423  BDREDD@CS   
Soto,Jeremy           820   JSOTO@CS    
Zhang,Wen             425      WENZ@CES     
Borgert,Derek   820   DBORGER@CS  
Crouse,Kevin   423   KCROUSE@CS  
Upjohn,Charles   423   CUPJOHN@CS  
Harris,Richard   871      RICHARH@CS  
Dewey,Margaret   820   MDEWEY@CS   
Veeraraghavan,Raj  820  RAJESH@CS  
Dunsmore,Dawna   818   DDUNSMO@CS  
Fabian,George   820   GFABIAN@CS  
Gregory,Keon          819   KGREGOR@CS  
Treglia,Dante    820   TREGLIA@CS  
Bhargava,Hans         423  HBHARGA@CLEMSON
Kulkarni,Jaideep   423  JKULKAR@CS  
Guido,Saverio   820   SGUIDO@CS   
Harris,Frederick   820   FREDERH@CS  
Toone,Brian   423   BTOONE@CLEMSON
Herring,Jon   401   JONH@CS     
Jones,William   820   WAJONES@CS  
Kallem,Muralidhar   C-E    MKALLEM@CS  
King,Michael   820   MICHAEK@CS  
Klaren,Andrew   818   AKLAREN@CS  
McCall,Tony   818   TONYM@CS    
Morgan,Karen   818   KWALDHA@CS  
Querubin,Michael   401   MQUERUB@CS  
Refshauge,Andrew   820   AREFSHA@CS  
Slaton,Tiffany   820   TSLATON@CS  
Williamson,Henry   425       HGWILLI@CS  
Yarborough,Clinton   820   CYARBOR@CS  
